institution,2000,2001,2002,2003,2004
Abilene Christian University,7,8,8,9,3
Acadia University,1,1,1,1,2
Adams State University,1,2,2,2,2
Adelphi University,4,5,5,6,4
Alabama A&M University,7,7,7,8,6
Alabama State University,5,5,5,5,5
Albany State University,2,5,4,5,3
Alcorn State University,1,2,1,1,1
Alfred University,4,4,1,1,2
Alliant International University,5,0,0,0,0
American University,33,34,30,35,32
Anderson University,0,0,0,1,0
Andrews University,4,1,1,2,1
Angelo State University,2,3,4,4,4
Appalachian State University,41,25,23,27,16
Arcadia University,0,2,3,3,3
Arizona State University,131,79,72,76,44
Arkansas State University,12,10,10,11,7
Arkansas Tech University,4,2,1,2,1
Armstrong State University,2,3,3,3,3
Ashland University,7,6,5,4,2
Athabasca University,3,3,3,3,5
Athens State University,2,0,0,0,0
Athens University of Economics and Business,5,5,8,0,0
Auburn University,54,33,31,31,22
Auburn University at Montgomery,10,8,6,12,2
Augsburg University,0,2,2,2,2
Augusta State University,6,6,6,6,4
Aurora University,0,0,1,1,0
Austin Peay State University,3,3,3,3,2
Australian Graduate School of Management,4,0,0,0,0
Australian National University,8,6,5,11,0
Azusa Pacific University,1,1,1,1,1
BI Norwegian Business School,2,2,2,0,0
Ball State University,38,28,27,27,21
Bangor University,7,3,3,6,0
Barry University,9,9,8,9,4
Baylor University,54,29,30,33,19
Bellevue University,1,1,2,2,2
Belmont University,12,8,8,11,3
Bemidji State University,4,3,3,3,2
Benedictine University,2,2,2,2,2
Binghamton University,38,28,23,27,23
Biola University,2,1,1,1,0
Bishop's University,1,0,0,0,0
Bloomsburg University of Pennsylvania,7,8,8,10,5
Boise State University,16,18,18,19,12
Bond University,10,6,2,0,0
Boston College,63,45,45,47,35
Boston University,81,48,39,50,37
Bournemouth University,2,0,0,1,0
Bowling Green State University,31,24,24,27,15
Bradley University,15,16,16,15,10
Brandeis University,10,18,17,17,13
Brescia University,1,1,1,1,1
Brigham Young University,100,72,68,72,36
"Brigham Young University, Hawaii",3,2,1,2,1
Brock University,13,13,12,12,9
Brown University,23,27,22,29,19
Bucknell University,17,19,18,19,15
Buena Vista University,1,0,0,1,1
Butler University,17,12,11,10,7
"CUNY, Baruch College",73,46,43,46,34
"CUNY, Brooklyn College",10,12,11,12,12
"CUNY, College of Staten Island",5,4,6,5,5
"CUNY, Hunter College",13,11,9,10,8
"CUNY, Lehman College",2,2,2,2,2
"CUNY, Queens College",19,20,18,21,12
California Institute of Technology,14,14,13,16,10
California Lutheran University,3,3,3,3,3
California Polytechnic State University,28,20,16,16,8
"California State Polytechnic University, Pomona",14,15,14,16,10
"California State University, Bakersfield",14,12,10,12,6
"California State University, Chico",29,18,19,17,13
"California State University, Dominguez Hills",8,7,7,6,5
"California State University, East Bay",36,24,25,27,14
"California State University, Fresno",29,21,17,20,11
"California State University, Fullerton",64,37,31,31,21
"California State University, Long Beach",36,34,30,33,23
"California State University, Los Angeles",40,29,26,29,25
"California State University, Northridge",35,37,34,33,23
"California State University, Sacramento",29,23,23,32,20
"California State University, San Bernardino",19,19,19,19,14
"California State University, San Marcos",18,10,7,8,7
"California State University, Stanislaus",13,7,7,8,5
California University of Pennsylvania,2,2,2,2,2
Cameron University,6,6,6,7,6
Campbell University,1,1,1,2,3
Capital University,5,4,4,2,1
Cardiff University,9,10,10,13,0
Carleton University,22,14,11,11,10
Carnegie Mellon University,60,40,39,40,29
Case Western Reserve University,27,28,25,24,18
Catholic University of America,7,8,7,7,8
Central Connecticut State University,12,9,7,7,6
Central Michigan University,28,27,27,30,25
Central State University,1,0,0,0,0
Central Washington University,14,11,10,13,10
Chaminade University,0,1,1,1,1
Chapman University,11,6,8,8,6
Chicago State University,3,4,4,4,3
Chinese University of Hong Kong,11,9,9,0,0
Christian Brothers University,5,4,4,4,3
Christopher Newport University,13,10,10,8,5
Chulalongkorn University,0,0,0,3,0
Chung-Ang University,4,5,0,0,0
City College of New York,7,7,7,7,7
City University Hong Kong,58,12,10,0,0
City University London,5,0,0,0,0
Claremont Graduate University,12,0,0,0,0
Clarion University of Pennsylvania,12,9,8,7,5
Clark Atlanta University,8,8,8,8,7
Clark University,22,13,12,14,9
Clarkson University,9,10,9,8,5
Clayton State University,4,2,2,2,2
Clemson University,53,35,34,39,24
Cleveland State University,29,17,16,18,14
Coastal Carolina University,6,4,4,5,3
Colgate University,12,16,15,15,14
Colorado State University,42,29,28,30,21
Colorado State University Pueblo,6,6,4,4,3
Columbia University,100,86,80,89,69
Columbus State University,10,4,2,3,4
Concordia University,34,21,20,20,17
Cornell University,41,45,42,47,36
Coventry University,1,0,0,0,0
Creighton University,16,10,12,13,7
Dalhousie University,2,2,2,2,0
Dallas Baptist University,3,2,1,1,0
Dartmouth College,50,35,35,35,31
DePaul University,61,48,47,46,37
DePauw University,4,4,3,7,6
Deakin University,4,4,3,6,0
Delaware State University,5,5,4,3,4
Delta State University,4,4,2,3,1
Denison University,6,6,6,8,8
Dominican University,2,2,3,3,3
Dongguk University,4,4,4,5,0
Drake University,14,9,6,8,6
Drew University,5,5,3,4,3
Drexel University,25,23,20,25,19
Drury University,3,3,1,2,1
Dublin City University,0,5,4,0,0
Duke University,56,39,37,59,51
Duquesne University,12,13,12,12,5
ESCP Business School,2,2,5,0,0
ESSEC,9,9,9,0,0
East Carolina University,49,32,27,30,18
East Central University,0,0,1,0,0
East Stroudsburg University of Pennsylvania,1,1,1,1,1
East Tennessee State University,26,14,17,17,10
Eastern Connecticut State University,4,4,3,4,4
Eastern Illinois University,20,18,19,18,14
Eastern Kentucky University,14,9,9,12,9
Eastern Michigan University,35,22,19,22,15
Eastern New Mexico University,5,2,2,3,2
Eastern Oregon University,2,2,1,1,0
Eastern Washington University,14,13,13,14,11
Edinboro University,2,3,3,4,4
Elizabeth City State University,0,0,0,1,0
Elon University,9,10,9,9,10
Embry-Riddle Aeronautical University,14,6,3,3,3
Emory University,46,27,28,35,25
Emporia State University,7,7,9,7,3
Fairfield University,20,17,18,19,14
Fairleigh Dickinson University,24,14,14,15,11
Fayetteville State University,5,4,4,3,5
Ferris State University,2,4,3,4,2
Flinders University,3,0,0,0,0
Florida A&M University,7,6,5,5,4
Florida Atlantic University,47,39,38,37,23
Florida Gulf Coast University,6,6,8,9,5
Florida Institute of Technology,6,7,6,7,6
Florida International University,52,44,39,38,25
Florida State University,83,65,62,67,52
Fordham University,36,36,38,36,26
Fort Hays State University,8,7,6,7,6
Fort Valley State University,1,2,2,1,1
Francis Marion University,5,4,3,6,5
Free University Amsterdam,2,1,1,1,0
Frostburg State University,15,9,8,9,9
Furman University,8,8,9,10,8
Gallaudet University,1,2,2,2,2
Gannon University,2,2,2,0,0
Gardner-Webb University,0,0,1,1,1
George Fox University,2,2,2,2,1
George Mason University,29,28,28,36,32
George Washington University,96,44,39,38,34
Georgetown University,44,42,40,43,32
Georgia College & State University,12,9,7,8,6
Georgia Institute of Technology,27,17,19,24,17
Georgia Southern University,30,19,18,24,16
Georgia Southwestern State University,1,1,1,2,0
Georgia State University,122,69,72,71,53
Golden Gate University,4,1,1,1,1
Gonzaga University,10,11,10,10,5
Governors State University,10,2,2,2,2
Grambling State University,4,1,1,0,0
Grand Valley State University,32,16,16,17,11
Griffith University,19,13,13,17,0
HEC Montreal,12,3,3,4,0
HEC Paris,6,5,5,5,0
Hamline University,3,3,3,3,3
Hampton University,5,4,3,2,1
Hannibal–LaGrange University,0,1,1,1,0
Hardin-Simmons University,3,2,2,1,1
Harding University,1,1,1,1,0
Harvard University,67,84,79,80,63
Hawaii Pacific University,6,5,4,4,5
Hebrew University of Jerusalem,16,14,14,14,13
Helsinki School of Economics,4,4,4,5,0
Henderson State University,3,2,2,2,0
High Point University,2,2,2,2,0
Hitotsubashi University,1,1,1,1,0
Hofstra University,36,22,16,17,14
Hong Kong Polytechnic University,16,31,27,35,0
Hong Kong University of Science and Technology,37,41,38,20,0
Houston Baptist University,1,2,1,0,0
Howard University,28,30,25,26,22
Humboldt State University,7,5,5,5,5
INSEAD,42,21,20,21,7
Idaho State University,25,14,14,14,11
Illinois Institute of Technology,12,4,3,2,3
Illinois State University,51,38,37,37,26
Illinois Wesleyan University,7,7,8,7,8
Indiana State University,20,17,17,17,13
Indiana University,80,63,64,64,45
Indiana University Kokomo,5,4,4,4,4
Indiana University Northwest,10,6,6,7,4
Indiana University South Bend,17,11,9,9,5
Indiana University Southeast,11,11,11,11,8
Indiana University of Pennsylvania,22,14,13,15,11
Indiana University-Purdue University Indianapolis,36,32,30,33,27
Instituto Tecnológico Autónomo de México,1,0,0,0,0
International University of Japan,4,0,0,0,0
Iowa State University,50,42,36,40,29
Jackson State University,10,6,6,10,2
Jacksonville State University,11,6,7,9,7
Jacksonville University,7,4,4,5,5
James Madison University,38,27,25,27,22
John Carroll University,19,20,20,22,12
Johns Hopkins University,11,11,11,13,11
KAIST,1,0,0,0,0
Kansas State University,35,26,22,22,17
Kean University,5,4,4,4,3
Kennesaw State University,20,23,20,18,11
Kent State University,39,21,18,20,15
Kentucky State University,1,1,1,1,0
Kettering University,2,1,1,1,0
King Fahd University of Petroleum & Minerals,7,6,6,10,0
Kookmin University,3,3,3,0,0
Korea University,2,2,2,6,0
Kutztown University,5,5,5,6,6
Kuwait University,4,4,4,0,0
Kyungpook National University,2,2,2,2,0
La Sierra University,1,1,1,1,1
La Trobe University,3,3,2,3,0
LaSalle University,14,13,13,13,8
Lake Superior State University,3,3,2,3,2
Lakehead University,5,2,2,3,2
Lamar University,10,9,8,8,6
Lancaster University,22,21,16,16,14
Lander University,4,1,2,5,2
Laurentian University,13,3,3,4,0
Lawrence Technological University,3,2,2,2,1
Lawrence University,0,0,0,4,3
Lehigh University,35,30,30,31,23
Liberty University,2,1,1,2,0
Lincoln University,2,2,2,2,1
Lincoln University (New Zealand),3,0,0,0,0
Lingnan University,1,1,1,6,0
Lipscomb University,5,2,2,3,1
Lock Haven University,2,2,1,1,1
London Business School,39,14,18,10,23
London Metropolitan University,2,1,1,3,0
London School of Economics and Political Science,18,22,13,0,0
Long Island University,22,12,13,18,13
Longwood University,7,3,3,3,4
Loughborough University,2,2,2,2,0
Louisiana State University,64,38,31,35,22
"Louisiana State University, Shrevenport",9,7,5,5,5
Louisiana Tech University,17,14,12,12,9
Loyola Marymount University,24,15,15,17,12
Loyola University Chicago,40,22,21,21,16
Loyola University Maryland,16,17,15,15,15
Loyola University New Orleans,18,8,8,10,7
Maastricht University,11,14,12,14,3
Macquarie University,8,12,12,16,7
Madonna University,1,1,1,1,0
Maharishi University of Management,3,0,0,0,0
Mansfield University of Pennsylvania,2,2,2,2,2
Marquette University,20,19,17,19,17
Marshall University,26,19,18,19,10
Marymount University,3,4,5,4,4
Maryville University,1,1,1,1,0
Marywood University,1,1,1,1,0
Massachusetts Institute of Technology,101,50,47,53,43
Massey University,12,9,9,4,17
McGill University,49,14,16,15,12
McMaster University,26,6,5,8,0
McNeese State University,8,8,6,7,7
Memorial University of Newfoundland,22,2,2,2,3
Mercer University at Atlanta,13,7,7,7,4
Mercer University at Macon,5,5,5,6,3
Metropolitan State University,1,0,0,0,0
Metropolitan State University of Denver,12,11,12,14,9
Miami University,56,43,42,44,31
Michigan State University,77,62,64,74,51
Michigan Technological University,18,12,11,11,10
Middle Tennessee State University,39,30,29,33,22
Midwestern State University,6,3,3,4,4
Millersville University,8,8,7,8,6
Millikin University,1,1,1,1,2
Minnesota State University Moorhead,7,7,7,9,6
"Minnesota State University, Mankato",26,12,12,14,9
Minot State University,2,4,3,2,0
Mississippi State University,32,20,18,20,16
Mississippi Valley State University,1,1,1,1,1
Missouri Southern State University,3,2,1,2,2
Missouri State University,40,27,25,26,14
Missouri University of Science and Technology,2,2,2,7,6
Missouri Western State University,8,7,7,7,6
Monash University,17,18,15,12,0
Monmouth University,13,8,7,10,7
Montana State University,26,20,19,25,20
Montana State University Billings,4,2,2,2,2
Montclair State University,23,14,15,18,15
Morehead State University,4,5,4,5,5
Morgan State University,7,8,8,9,6
Mount Allison University,3,1,2,2,2
Mount Saint Vincent University,1,0,0,0,0
Mount St. Mary's University,0,2,2,3,3
Murdoch University,1,1,1,1,0
Murray State University,15,10,11,10,8
Nanyang Technological University,6,6,30,36,24
Napier University,2,1,1,1,0
National Chengchi University,13,13,0,0,0
National Taiwan University,36,13,13,15,0
National University of Singapore,23,9,8,0,0
Nebraska Wesleyan University,2,2,2,2,1
New Jersey City University,6,5,5,5,4
New Jersey Institute of Technology,3,3,1,1,1
New Mexico Highlands University,1,1,1,1,1
New Mexico State University,33,17,17,17,14
New York Institute of Technology,5,4,4,4,4
New York University,157,124,119,113,88
Niagara University,12,9,9,9,6
Nicholls State University,12,11,10,12,10
Norfolk State University,7,6,5,4,4
North Carolina A&T State University,30,18,17,18,12
North Carolina Central University,11,9,9,11,5
North Carolina State University,63,40,35,39,27
North Dakota State University,14,7,5,6,4
Northeastern Illinois University,10,6,6,6,4
Northeastern State University,8,5,5,5,5
Northeastern University,36,33,34,34,25
Northern Arizona University,22,19,20,21,12
Northern Illinois University,49,33,32,31,17
Northern Kentucky University,13,6,6,3,2
Northern Michigan University,8,7,7,8,4
Northern State University,4,3,3,3,2
Northwest Missouri State University,4,5,5,5,3
Northwestern State University of Louisiana,6,3,2,2,2
Northwestern University,96,69,64,70,56
Norwegian School of Economics,4,1,1,1,0
Nova Southeastern University,4,4,3,3,0
Oakland University,38,18,15,17,13
Oglethorpe University,3,3,2,3,1
Ohio Northern University,3,3,2,2,2
Ohio State University,92,64,57,63,47
Ohio University,45,25,21,24,5
Ohio Wesleyan University,4,3,3,3,3
Oklahoma Baptist University,1,0,0,0,0
Oklahoma Christian University,1,0,0,0,0
Oklahoma City University,13,12,10,10,7
Oklahoma State University,62,41,41,42,27
Old Dominion University,33,20,21,23,15
Oral Roberts University,2,2,2,2,2
Oregon Health & Science University,2,0,0,0,0
Oregon State University,27,23,18,19,15
Ouachita Baptist University,2,1,1,2,1
Pace University,44,24,24,27,10
"Pace University, Westchester",11,6,6,6,6
Pacific Lutheran University,9,5,5,9,7
Pennsylvania State University,111,79,70,76,52
Pepperdine University,26,18,16,16,10
Philadelphia University,3,1,1,1,0
Pittsburg State University,18,12,11,11,6
Plymouth State University,2,1,1,1,1
Point Loma Nazarene University,0,1,1,1,1
Polytechnic University (New York),4,0,0,0,0
Pompeu Fabra University,6,4,4,5,0
Portland State University,23,26,26,27,16
Prairie View A&M University,6,3,3,4,3
Princeton University,27,27,24,52,41
Providence University,0,0,0,0,4
Purdue University,38,41,34,35,25
Purdue University Calumet,3,4,4,4,4
Purdue University Fort Wayne,6,0,0,0,0
Queen's University,30,12,9,10,7
Queens University of Charlotte,0,1,0,1,0
Queensland University of Technology,3,3,3,3,0
Quincy University,1,1,2,2,2
RWTH Aachen,1,1,1,0,0
Radford University,16,12,13,14,10
Regent University,3,1,1,1,1
Regis University,1,1,1,1,0
Rensselaer Polytechnic Institute,9,12,9,17,15
Rice University,41,31,28,31,22
Rider University,26,17,17,18,11
Robert Morris University,9,5,5,6,5
Rochester Institute of Technology,17,10,10,12,8
Rockhurst University,8,5,6,6,6
Roger Williams University,3,3,2,4,5
Roosevelt University,19,11,12,12,10
Rowan University,12,6,6,9,4
Rutgers University,119,104,93,94,77
SUNY Brockport,2,2,1,1,0
SUNY Cortland,3,4,3,3,3
SUNY Fredonia,6,6,3,3,4
SUNY Geneseo,9,9,9,9,7
SUNY New Paltz,9,5,6,6,5
SUNY Old Westbury,7,5,3,1,1
SUNY Oneonta,3,4,4,5,4
SUNY Oswego,20,12,11,13,12
SUNY Plattsburgh,10,4,5,5,2
SUNY Polytechnic Institute,3,4,3,0,0
SUNY Potsdam,4,4,4,4,4
Sacred Heart University,6,5,5,6,3
Saginaw Valley State University,14,9,9,9,7
Saint Leo University,2,2,1,2,0
Saint Louis University,21,21,19,19,15
Saint Mary's University,18,8,7,8,7
Saint Peter's University,1,1,1,1,1
Saint Xavier University,3,2,2,1,1
Salisbury University,16,9,9,8,6
Salve Regina University,1,1,1,1,1
Sam Houston University,21,15,16,20,12
Samford University,6,3,3,5,1
San Diego State University,52,44,44,44,29
San Francisco State University,44,29,26,27,16
San Jose State University,43,20,18,21,15
Santa Clara University,28,29,28,29,20
Savannah State University,1,1,1,1,0
Seattle Pacific University,5,5,3,4,2
Seattle University,27,18,17,18,15
Seton Hall University,12,12,11,13,7
Shenandoah University,2,1,1,1,2
Shepherd University,4,4,4,4,3
Shippensburg University,18,12,12,10,7
Simon Fraser University,7,7,6,7,0
Slippery Rock University,8,7,7,6,5
Sonoma State University,8,7,7,10,6
South Carolina State University,6,3,3,2,3
South Dakota State University,11,13,13,14,14
Southeast Missouri State University,18,14,14,14,11
Southeastern Louisiana University,11,17,13,13,6
Southeastern Oklahoma State University,3,1,2,4,3
Southern Arkansas University,1,1,1,2,2
Southern Connecticut State University,18,14,12,14,11
Southern Cross University,1,1,1,1,0
Southern Illinois University,36,25,23,22,16
Southern Illinois University Edwardsville,23,16,14,13,11
Southern Methodist University,64,40,37,41,32
Southern New Hampshire University,3,1,1,2,1
Southern Oregon University,4,5,5,5,4
Southern University and A&M College,7,5,5,6,6
Southern Utah University,5,4,4,4,2
Southwest Minnesota State University,4,3,3,2,1
Southwestern Oklahoma State University,0,0,0,1,1
Southwestern University,7,6,6,6,6
St. Ambrose University,6,3,3,3,3
St. Bonaventure University,11,10,10,10,7
St. Catherine University,1,1,1,1,1
St. Cloud State University,36,25,25,26,18
St. Edward's University,3,3,3,3,2
St. Francis Xavier University,5,0,2,2,2
St. John's University,44,29,30,31,28
St. Joseph's University,28,15,16,15,11
St. Lawrence University,6,8,7,7,6
St. Mary's University,22,13,13,10,7
St. Thomas University,1,1,1,1,1
Stanford University,62,61,58,59,36
Stephen F. Austin State University,18,11,12,13,9
Stetson University,13,9,9,9,7
Stockholm School of Economics,1,1,1,1,0
Stockton University,3,3,2,2,3
Stony Brook University,17,19,16,17,12
Suffolk University,42,23,22,25,17
Sultan Qaboos University,1,0,0,0,0
Susquehanna University,13,10,9,10,7
Syddansk Universitet,7,4,4,6,0
Syracuse University,36,39,39,31,27
Tarleton State University,5,3,3,3,2
Tel Aviv University,10,10,8,9,0
Temple University,49,50,49,46,33
Tennessee State University,5,7,6,9,5
Tennessee Technological University,13,12,11,11,8
Texas A&M International University,15,7,7,3,6
Texas A&M University,57,58,53,63,42
Texas A&M University–Commerce,4,3,4,5,4
Texas A&M University–Corpus Christi,7,7,8,9,6
Texas A&M University–Kingsville,6,3,4,2,3
Texas Christian University,37,25,23,26,17
Texas Lutheran University,2,1,1,1,1
Texas Southern University,5,5,8,4,4
Texas State University,27,18,17,17,13
Texas Tech University,38,30,30,31,17
Texas Wesleyan University,2,2,3,4,3
Texas Woman's University,2,1,2,3,1
Tilburg University,3,3,0,0,0
Towson University,32,23,23,26,21
Transylvania University,3,2,2,2,2
Tri State University,0,0,0,1,1
Trinity University,15,17,16,16,13
Troy State University,6,4,3,3,2
"Troy State University, Dothan",1,0,0,0,0
Truman State University,17,14,14,14,8
Tufts University,18,20,20,21,18
Tulane University,39,31,28,32,24
Tuskegee University,2,3,3,3,2
Ulster University,3,2,2,0,0
Umea University,2,2,2,0,0
Union University,2,2,2,2,3
Universite Laval,20,20,20,17,10
University College Dublin,2,2,2,6,0
University at Albany,29,25,26,31,22
University at Buffalo,54,33,28,32,26
University of Aberdeen,4,5,5,7,0
University of Adelaide,5,6,5,4,0
University of Akron,38,24,25,25,14
University of Alabama,49,35,33,36,23
"University of Alabama, Birmingham",35,21,20,20,11
"University of Alabama, Huntsville",16,10,9,11,7
University of Alaska Fairbanks,16,14,13,11,6
"University of Alaska, Anchorage",11,6,6,6,7
University of Alberta,39,24,25,24,13
University of Amsterdam,7,7,0,0,0
University of Arizona,53,39,36,37,23
University of Arkansas,31,24,24,31,21
"University of Arkansas, Little Rock",18,12,12,14,10
"University of Arkansas, Monticello",2,2,2,1,0
University of Auckland,26,16,16,15,0
University of Baltimore,25,15,16,14,10
University of Bath,20,2,2,0,0
University of Bridgeport,3,2,2,3,2
University of Bristol,5,5,3,0,0
University of British Columbia,60,8,18,18,16
University of Calgary,42,17,14,16,12
"University of California, Berkeley",81,54,52,69,55
"University of California, Davis",26,29,28,36,30
"University of California, Irvine",53,32,24,30,24
"University of California, Los Angeles",83,52,51,64,46
"University of California, Riverside",25,28,26,29,22
"University of California, San Diego",20,24,19,19,19
"University of California, Santa Barbara",24,29,28,31,26
"University of California, Santa Cruz",15,21,20,22,17
University of Canterbury,22,3,3,7,3
University of Central Arkansas,9,7,8,8,6
University of Central Florida,60,51,46,49,33
University of Central Missouri,17,12,12,14,12
University of Central Oklahoma,9,7,7,8,8
University of Chicago,82,51,50,58,45
University of Cincinnati,50,37,32,32,25
University of Colorado,41,44,41,48,35
University of Colorado Colorado Springs,14,9,9,11,7
"University of Colorado, Denver",29,27,26,26,18
University of Connecticut,64,46,48,52,41
University of Cyprus,7,6,6,8,0
University of Dallas,11,5,5,6,5
University of Dayton,16,15,16,17,12
University of Delaware,59,48,46,48,35
University of Denver,16,17,17,17,13
University of Detroit Mercy,13,7,6,6,4
University of Dundee,9,10,9,10,4
University of East Anglia,4,4,4,1,2
University of Essex,12,14,12,15,0
University of Evansville,4,4,3,3,4
University of Exeter,6,5,5,0,0
University of Findlay,0,0,0,1,1
University of Florida,67,51,47,49,35
University of Georgia,70,47,43,46,37
University of Glasgow,5,6,6,10,0
University of Graz,2,3,2,2,0
University of Guam,2,2,2,0,0
University of Hartford,21,16,16,16,9
University of Hawaii,29,32,29,30,22
"University of Hawaii, Hilo",12,7,7,7,6
"University of Hawaii, West Oahu",0,0,0,2,0
University of Hong Kong,20,28,5,0,0
University of Houston,65,42,37,38,34
"University of Houston, Clear Lake",23,11,12,14,7
University of Houston-Downtown,18,9,9,8,4
University of Houston-Victoria,0,0,0,3,0
University of Hull,4,1,0,0,0
University of Idaho,22,14,12,13,9
University of Illinois,100,78,71,79,53
"University of Illinois, Chicago",45,42,39,42,28
"University of Illinois, Springfield",7,5,7,7,5
University of Indianapolis,1,1,1,1,1
University of Iowa,64,45,41,44,30
University of Kansas,48,33,33,37,30
University of Kentucky,47,44,38,41,28
University of La Verne,0,0,0,2,2
University of Leeds,5,7,6,10,0
University of Lethbridge,18,5,4,5,4
University of Louisiana at Monroe,16,7,7,7,5
"University of Louisiana, Lafayette",22,16,14,16,10
University of Louisville,18,19,18,19,13
University of Maine,19,18,14,14,8
University of Manchester,50,26,6,7,4
University of Manitoba,25,11,11,12,9
University of Mary Hardin-Baylor,3,2,2,2,1
University of Mary Washington,7,6,6,6,6
University of Maryland Eastern Shore,0,0,0,3,0
"University of Maryland, Baltimore County",9,9,9,9,9
"University of Maryland, College Park",95,66,56,55,48
University of Massachusetts,69,57,57,57,43
University of Massachusetts Boston,25,23,22,16,14
University of Melbourne,12,14,15,7,9
University of Memphis,39,28,28,33,19
University of Miami,46,32,28,29,21
University of Michigan,96,50,50,53,42
University of Michigan-Dearborn,23,14,13,13,14
University of Michigan-Flint,6,7,9,8,5
University of Minnesota,66,41,37,48,32
University of Minnesota Duluth,21,15,16,16,10
University of Mississippi,36,37,26,24,18
University of Missouri,45,39,34,33,19
University of Missouri-St. Louis,28,21,21,22,15
University of Missouri–Kansas City,17,19,19,16,11
University of Montana,13,14,12,14,9
University of Montevallo,3,4,4,2,2
University of Navarra,2,2,2,0,0
University of Nebraska,32,32,31,31,22
University of Nebraska at Kearney,13,7,6,8,4
University of Nebraska at Omaha,28,22,21,24,13
University of Nebraska-Lincoln,14,0,0,0,0
"University of Nevada, Las Vegas",29,30,31,34,26
"University of Nevada, Reno",29,21,25,23,17
University of New Brunswick,13,7,5,4,5
University of New England Australia,11,7,7,7,0
University of New Hampshire,18,21,21,24,17
University of New Haven,6,11,9,9,6
University of New Mexico,50,29,27,29,19
University of New Orleans,35,23,21,24,16
University of New South Wales,15,29,30,0,0
University of Newcastle,4,4,6,0,0
University of North Alabama,6,6,7,7,5
University of North Carolina,83,60,62,61,43
University of North Carolina Wilmington,21,21,20,20,12
University of North Carolina at Asheville,7,7,7,7,5
University of North Carolina at Pembroke,3,3,4,4,4
"University of North Carolina, Charlotte",41,23,23,24,19
"University of North Carolina, Greensboro",39,23,22,25,19
University of North Dakota,18,17,17,19,10
University of North Florida,25,20,16,18,15
University of North Texas,49,34,34,40,24
University of Northern Colorado,16,16,15,16,9
University of Northern Iowa,36,26,24,24,18
University of Notre Dame,84,60,44,50,33
University of Nottingham,6,4,4,6,0
University of Oklahoma,44,36,35,34,18
University of Oregon,39,33,30,28,24
University of Otago,11,10,10,8,5
University of Ottawa,9,10,10,10,0
University of Oxford,3,3,3,4,0
University of Pennsylvania,133,73,78,72,63
University of Pittsburgh,35,39,40,41,29
"University of Pittsburgh, Johnstown",1,1,1,1,1
University of Portland,8,8,8,7,6
University of Portsmouth,2,2,0,0,0
University of Puerto Rico at Mayagüez,2,0,0,0,0
University of Puget Sound,11,11,11,10,10
University of Quebec in Montreal,8,8,7,7,0
University of Queensland,36,15,17,6,9
University of Redlands,2,3,1,7,6
University of Regina,4,2,2,0,0
University of Rhode Island,31,20,21,21,15
University of Richmond,26,20,18,20,18
University of Rio Grande,3,3,3,3,3
University of Rochester,34,40,36,34,24
University of San Diego,24,18,17,17,13
University of San Francisco,23,15,15,15,11
University of Saskatchewan,20,13,11,13,6
University of Scranton,17,13,13,14,10
University of Sharjah,0,0,0,2,0
University of South Alabama,17,7,7,8,6
University of South Carolina,51,39,38,40,23
University of South Carolina Aiken,2,2,2,3,0
"University of South Carolina, Spartanburg",3,2,2,2,2
University of South Dakota,8,8,7,7,3
University of South Florida,50,42,32,34,28
University of Southern California,76,63,60,65,40
University of Southern Indiana,19,13,10,10,7
University of Southern Maine,11,11,13,14,11
University of Southern Mississippi,23,20,19,18,10
University of Southern Queensland,2,2,0,0,0
University of St Thomas Minnesota,20,20,19,22,17
University of St Thomas Texas,8,8,7,8,5
University of Stirling,7,8,8,6,2
University of Sydney,13,12,14,0,0
University of Tampa,14,9,8,10,9
University of Tasmania,2,2,1,1,0
University of Technology Sydney,20,8,8,0,0
University of Tennessee,48,35,31,38,26
"University of Tennessee, Chattanooga",24,15,16,16,15
"University of Tennessee, Martin",12,8,8,8,5
University of Texas at Austin,117,67,62,62,36
"University of Texas, Arlington",38,24,23,23,14
"University of Texas, Brownsville",10,10,7,8,6
"University of Texas, Dallas",49,33,29,33,20
"University of Texas, El Paso",17,20,16,16,10
"University of Texas, Pan American",12,11,11,16,10
"University of Texas, Permian Basin",8,6,6,5,5
"University of Texas, San Antonio",48,32,28,29,18
"University of Texas, Tyler",3,3,4,4,3
University of Toledo,23,16,16,18,13
University of Toronto,29,28,29,28,19
University of Tsukuba,6,1,1,1,0
University of Tulsa,17,11,11,13,7
University of Utah,33,34,35,37,27
University of Vermont,19,15,16,18,18
University of Victoria,23,2,2,4,0
University of Virginia,47,53,48,53,39
University of Wales,0,1,1,1,0
University of Warwick,52,11,16,13,11
University of Washington,72,67,62,62,48
University of Waterloo,31,16,14,16,3
University of West Alabama,0,0,0,0,1
University of West Florida,21,14,14,14,8
University of West Georgia,10,11,13,14,10
University of Western Australia,7,11,11,12,0
University of Western Ontario,11,4,4,5,0
University of Windsor,5,4,3,6,0
"University of Wisconsin, Eau Claire",28,14,12,13,9
"University of Wisconsin, Green Bay",10,8,8,8,5
"University of Wisconsin, La Crosse",15,15,14,17,11
"University of Wisconsin, Madison",66,61,57,55,34
"University of Wisconsin, Milwaukee",39,35,37,36,25
"University of Wisconsin, Oshkosh",15,15,17,19,12
"University of Wisconsin, Parkside",14,10,7,8,6
"University of Wisconsin, Platteville",2,2,2,2,0
"University of Wisconsin, River Falls",13,9,9,8,7
"University of Wisconsin, Stevens Point",4,4,4,4,3
"University of Wisconsin, Superior",1,1,0,0,0
"University of Wisconsin, Whitewater",38,19,16,17,13
University of Wollongong,14,14,14,18,5
University of Wyoming,25,18,16,17,10
University of the District of Columbia,1,1,1,1,1
University of the Incarnate Word,1,1,0,1,0
University of the Pacific,19,11,11,11,9
University of the South,3,3,3,6,4
University of the West Indies,2,2,2,2,0
Université du Québec en Outaouais,3,2,1,1,0
Utah State University,28,33,28,29,22
Valdosta State University,18,11,11,11,8
Valparaiso University,13,6,5,5,5
Vanderbilt University,45,36,37,42,35
Victoria University,4,4,4,4,5
Victoria University of Wellington,21,14,14,15,8
Villanova University,37,36,33,34,24
Virginia Commonwealth University,70,35,35,35,23
Virginia Polytechnic Institute and State University,97,61,54,53,30
Virginia State University,9,7,7,6,6
Virginia Union University,1,1,1,1,0
Wake Forest University,49,31,31,32,23
Washburn University,13,10,8,14,10
Washington & Lee University,15,13,11,12,9
Washington State University,54,35,34,35,19
Washington University in St. Louis,59,44,41,43,33
Wayne State University,24,23,21,22,20
Weber State University,19,16,14,15,9
Webster University,2,4,5,5,5
Wesleyan University,12,13,12,13,10
West Chester University,9,4,4,4,2
West Texas A&M University,6,6,7,8,7
West Virginia State University,0,0,0,1,1
West Virginia University,45,28,26,30,19
West Virginia University Institute of Technology,1,1,1,1,0
Western Carolina University,17,11,7,7,5
Western Colorado University,3,2,2,2,2
Western Connecticut State University,12,7,7,8,7
Western Illinois University,30,19,18,19,11
Western Kentucky University,26,21,21,22,17
Western Michigan University,44,35,34,36,28
Western New Mexico University,0,0,0,1,0
Western Oregon University,3,3,3,3,3
Western Sydney University,2,1,1,1,0
Western Washington University,27,22,22,24,17
Wichita State University,24,23,15,15,13
Widener University,22,14,14,15,10
Wilfrid Laurier University,32,17,16,18,10
Wilkes University,5,3,2,1,1
Willamette University,14,10,9,10,8
William Paterson University of New Jersey,2,4,6,6,6
Wingate University,0,1,0,1,1
Winona State University,7,5,5,7,2
Winston-Salem State University,4,4,3,5,4
Winthrop University,14,8,6,9,6
Wittenberg University,3,4,4,4,4
Woodbury University,2,2,2,2,2
Worcester Polytechnic Institute,12,3,3,3,0
Wright State University,21,21,21,21,14
Xavier University,33,21,18,21,14
Xavier University of Louisiana,0,0,0,0,1
Yale University,45,45,45,61,40
Yeshiva University,4,4,4,3,3
Yonsei University,3,0,0,0,0
York University,53,22,19,23,12
Youngstown State University,17,15,16,16,8
Yuan Ze University,9,0,0,0,0
